node_id,consumption,con_rx,con_tx,con_standby,con_sleep,sink_rx_suc,sink_tx_suc,sink_delay_avg,rx_all_p,rx_suc_p,rx_fail_per,rx_fail_col,rx_fail_adr,rx_fail_dup,rx_fail_mis,rx_fail_buf,rx_buf_max,gen_p,tx_all_p,tx_suc_p,tx_fail_per,tx_fail_col,tx_fail_adr,tx_fail_dup,tx_fail_mis,tx_fail_buf,links
Network,272850.58264240896,250128.0217219025,22603.728122099245,32.88458102488014,85.94821723585483,384,2305,360.4264240220611,1590329,25300,1024839,252421,0,233901,54102,0,4,8517,33433,25300,1024839,252421,0,233901,54102,0,
0,4867.022051100476,4751.847829541678,112.90708570545999,0.5611141780199405,1.7060216730581341,0,0,0,33266,384,18964,6209,0,6371,1338,0,1,167,167; 8350,1101,4558,2658,0,0,33,0,|{'1': 151, '2': 161, '3': 160, '4': 69, '5': 118, '6': 110, '7': 105, '8': 66, '9': 111, '10': 63, '11': 65, '12': 125, '13': 71, '14': 79, '15': 57, '16': 64, '17': 104, '18': 36, '19': 36, '20': 57, '21': 59, '22': 61, '23': 46, '24': 73, '25': 70, '26': 129, '27': 38, '28': 81, '29': 62, '30': 59, '31': 37, '32': 44, '33': 99, '34': 35, '35': 39, '36': 129, '37': 66, '38': 64, '39': 43, '40': 60, '41': 107, '42': 66, '43': 70, '44': 43, '45': 161, '46': 31, '47': 49, '48': 43, '49': 49, '50': 71}|
1,5366.581781141462,4957.896418150933,406.33029047293286,0.6714679692595301,1.6836045452751593,8,48,597.3530570720759,32832,434,19717,5751,0,5708,1253,0,1,167,601; 30050,288,17475,5168,0,7106,13,0,|{'0': 506, '2': 548, '3': 487, '4': 359, '5': 305, '6': 284, '7': 384, '8': 189, '9': 344, '10': 175, '11': 246, '12': 396, '13': 176, '14': 302, '15': 161, '16': 211, '17': 305, '18': 95, '19': 88, '20': 166, '21': 254, '22': 150, '23': 167, '24': 235, '25': 235, '26': 576, '27': 110, '28': 224, '29': 174, '30': 134, '31': 116, '32': 132, '33': 247, '34': 97, '35': 187, '36': 457, '37': 218, '38': 252, '39': 137, '40': 192, '41': 269, '42': 327, '43': 295, '44': 238, '45': 543, '46': 133, '47': 193, '48': 143, '49': 216, '50': 197}|
2,5014.534718155593,4631.559185379434,380.6388577974399,0.6333109516796727,1.7033640249505984,38,49,66.90166765704596,32870,396,19449,5805,0,5795,1429,0,1,167,563; 28150,1385,15890,4596,0,6245,34,0,|{'0': 536, '1': 515, '3': 539, '4': 261, '5': 310, '6': 330, '7': 319, '8': 232, '9': 435, '10': 199, '11': 193, '12': 468, '13': 181, '14': 231, '15': 183, '16': 173, '17': 379, '18': 100, '19': 93, '20': 174, '21': 191, '22': 159, '23': 145, '24': 234, '25': 211, '26': 523, '27': 126, '28': 254, '29': 195, '30': 165, '31': 128, '32': 140, '33': 269, '34': 117, '35': 133, '36': 423, '37': 243, '38': 185, '39': 108, '40': 147, '41': 274, '42': 228, '43': 212, '44': 223, '45': 563, '46': 126, '47': 197, '48': 117, '49': 162, '50': 211}|
3,5428.364158359714,5024.390913565102,401.5976581379736,0.695690334899479,1.6798963184687243,14,48,555.3534100244473,32839,427,19302,6011,0,6008,1147,0,1,167,594; 29700,460,16437,5060,0,7724,19,0,|{'0': 577, '1': 478, '2': 555, '4': 237, '5': 437, '6': 423, '7': 301, '8': 289, '9': 426, '10': 226, '11': 209, '12': 494, '13': 208, '14': 213, '15': 174, '16': 205, '17': 450, '18': 141, '19': 119, '20': 196, '21': 182, '22': 237, '23': 130, '24': 256, '25': 278, '26': 467, '27': 143, '28': 325, '29': 258, '30': 178, '31': 160, '32': 133, '33': 356, '34': 124, '35': 157, '36': 393, '37': 224, '38': 206, '39': 102, '40': 169, '41': 346, '42': 242, '43': 214, '44': 226, '45': 568, '46': 115, '47': 186, '48': 132, '49': 179, '50': 219}|
4,5080.596648548694,4686.769929376553,391.4563031344896,0.6701263034395405,1.7002897322530484,3,45,508.09950325340395,32854,412,21721,5310,0,3821,1591,0,3,167,579; 28950,272,19030,4147,0,5473,28,0,|{'0': 268, '1': 338, '2': 255, '3': 222, '5': 167, '6': 130, '7': 296, '8': 110, '9': 212, '10': 105, '11': 244, '12': 219, '13': 91, '14': 278, '15': 142, '16': 129, '17': 174, '18': 59, '19': 62, '20': 94, '21': 460, '22': 101, '23': 310, '24': 192, '25': 164, '26': 344, '27': 87, '28': 139, '29': 107, '30': 118, '31': 60, '32': 110, '33': 132, '34': 76, '35': 242, '36': 297, '37': 155, '38': 384, '39': 264, '40': 201, '41': 164, '42': 506, '43': 403, '44': 149, '45': 257, '46': 199, '47': 137, '48': 160, '49': 315, '50': 92}|
5,5362.861742939265,4964.328474697247,396.1889354694488,0.660781535039539,1.6835512345589496,7,47,527.1591670647975,32847,419,18818,6277,0,5609,1726,0,1,167,586; 29300,533,16224,5523,0,6962,58,0,|{'0': 419, '1': 305, '2': 370, '3': 414, '4': 164, '6': 396, '7': 285, '8': 401, '9': 267, '10': 363, '11': 190, '12': 310, '13': 363, '14': 206, '15': 227, '16': 295, '17': 291, '18': 186, '19': 195, '20': 345, '21': 122, '22': 287, '23': 85, '24': 323, '25': 406, '26': 268, '27': 246, '28': 438, '29': 266, '30': 280, '31': 158, '32': 185, '33': 474, '34': 207, '35': 133, '36': 407, '37': 169, '38': 175, '39': 64, '40': 182, '41': 525, '42': 162, '43': 147, '44': 152, '45': 360, '46': 97, '47': 131, '48': 145, '49': 133, '50': 357}|
6,5581.931323514867,5184.057753942329,395.5128451358832,0.6907255343994649,1.6699988986139396,8,47,356.44604870311355,32848,418,20171,6136,0,5075,1048,0,1,167,585; 29250,316,17449,4826,0,6629,51,0,|{'0': 351, '1': 269, '2': 347, '3': 420, '4': 150, '5': 387, '7': 213, '8': 404, '9': 359, '10': 305, '11': 130, '12': 403, '13': 314, '14': 140, '15': 139, '16': 165, '17': 441, '18': 166, '19': 170, '20': 241, '21': 108, '22': 290, '23': 79, '24': 194, '25': 223, '26': 256, '27': 162, '28': 465, '29': 402, '30': 183, '31': 247, '32': 108, '33': 491, '34': 164, '35': 105, '36': 278, '37': 234, '38': 131, '39': 84, '40': 113, '41': 305, '42': 162, '43': 129, '44': 202, '45': 334, '46': 72, '47': 188, '48': 103, '49': 96, '50': 379}|
7,5847.561244035014,5460.550851729913,384.69539979883353,0.660870609299527,1.6541218927625678,14,46,392.26554204855813,32864,402,19929,5878,0,5177,1479,0,1,167,569; 28450,847,16546,4854,0,6175,28,0,|{'0': 357, '1': 363, '2': 326, '3': 294, '4': 285, '5': 298, '6': 208, '8': 182, '9': 205, '10': 181, '11': 413, '12': 222, '13': 161, '14': 470, '15': 335, '16': 306, '17': 190, '18': 97, '19': 95, '20': 205, '21': 219, '22': 146, '23': 149, '24': 395, '25': 309, '26': 309, '27': 145, '28': 192, '29': 144, '30': 198, '31': 118, '32': 214, '33': 198, '34': 120, '35': 247, '36': 509, '37': 114, '38': 334, '39': 106, '40': 329, '41': 327, '42': 246, '43': 342, '44': 130, '45': 310, '46': 89, '47': 88, '48': 249, '49': 272, '50': 163}|
8,5286.507377962637,4853.514961732905,430.6695424812946,0.6336142916396232,1.6892594541761794,12,47,294.62733622175426,31606,470,18235,5687,0,5535,1681,0,1,167,637; 31213,1058,18222,5312,0,6520,101,0,|{'0': 264, '1': 230, '2': 254, '3': 270, '4': 106, '5': 433, '6': 412, '7': 212, '9': 237, '10': 533, '11': 143, '12': 270, '13': 578, '14': 156, '15': 174, '16': 208, '17': 279, '18': 324, '19': 273, '20': 353, '21': 96, '22': 562, '23': 70, '24': 224, '25': 322, '26': 195, '27': 294, '28': 626, '29': 422, '30': 291, '31': 353, '32': 164, '33': 596, '34': 274, '35': 100, '36': 259, '37': 142, '38': 135, '40': 136, '41': 383, '42': 113, '43': 134, '44': 147, '45': 250, '46': 47, '47': 128, '48': 103, '49': 86, '50': 630}|
9,5175.764480849753,4773.127589574969,400.24547747084245,0.6969915136794654,1.694422288133517,5,47,574.472464464566,32841,425,21222,5238,0,4808,1153,0,3,167,592; 29600,278,18387,4559,0,6359,17,0,|{'0': 381, '1': 361, '2': 419, '3': 435, '4': 202, '5': 263, '6': 348, '7': 225, '8': 225, '10': 177, '11': 144, '12': 577, '13': 174, '14': 182, '15': 118, '16': 103, '17': 542, '18': 112, '19': 111, '20': 145, '21': 179, '22': 177, '23': 128, '24': 175, '25': 153, '26': 413, '27': 117, '28': 243, '29': 246, '30': 132, '31': 118, '32': 109, '33': 257, '34': 95, '35': 109, '36': 306, '37': 393, '38': 163, '39': 108, '40': 132, '41': 204, '42': 214, '43': 144, '44': 351, '45': 448, '46': 130, '47': 303, '48': 98, '49': 117, '50': 207}|
10,5240.4013290986695,4743.874099906271,494.2220338364614,0.6123909131997124,1.6928044402813656,1,48,363.93625894770815,30394,564,17648,5237,0,5775,1171,0,1,167,731; 35088,660,20452,7677,0,5446,853,0,|{'0': 284, '1': 216, '2': 231, '3': 292, '4': 143, '5': 439, '6': 366, '7': 240, '8': 635, '9': 204, '11': 188, '12': 251, '13': 668, '14': 174, '15': 252, '16': 318, '17': 255, '18': 406, '19': 430, '20': 547, '21': 127, '22': 610, '23': 75, '24': 299, '25': 441, '26': 198, '27': 498, '28': 538, '29': 348, '30': 491, '31': 369, '32': 213, '33': 523, '34': 437, '35': 116, '36': 275, '37': 138, '38': 124, '40': 191, '41': 459, '42': 121, '43': 153, '44': 117, '45': 258, '47': 113, '48': 163, '49': 131, '50': 571}|
11,5835.66655173874,5455.419888430894,377.9344964631775,0.6579316893595706,1.6542351510212483,5,43,421.0830894793793,32874,392,21471,5551,0,3962,1500,0,1,167,559; 27950,533,17656,4375,0,5369,17,0,|{'0': 211, '1': 239, '2': 211, '3': 225, '4': 244, '5': 213, '6': 143, '7': 413, '8': 132, '9': 130, '10': 126, '12': 134, '13': 126, '14': 544, '15': 327, '16': 280, '17': 130, '18': 76, '19': 74, '20': 182, '21': 188, '22': 107, '23': 125, '24': 338, '25': 243, '26': 208, '27': 112, '28': 151, '29': 94, '30': 171, '31': 76, '32': 234, '33': 152, '34': 92, '35': 388, '36': 312, '37': 89, '38': 389, '39': 107, '40': 469, '41': 223, '42': 201, '43': 406, '44': 78, '45': 200, '46': 76, '47': 97, '48': 342, '49': 338, '50': 128}|
12,5313.243365299031,4922.129673209361,388.75194180022714,0.6755519905195075,1.6861982960066142,9,48,385.3639483640239,32858,408,20404,5663,0,5095,1290,0,1,167,575; 28750,488,17109,4626,0,6521,6,0,|{'0': 426, '1': 392, '2': 467, '3': 483, '4': 186, '5': 289, '6': 425, '7': 236, '8': 240, '9': 554, '10': 187, '11': 171, '13': 198, '14': 173, '15': 147, '16': 156, '17': 540, '18': 120, '19': 117, '20': 158, '21': 177, '22': 182, '23': 120, '24': 167, '25': 193, '26': 415, '27': 118, '28': 273, '29': 248, '30': 131, '31': 168, '32': 101, '33': 319, '34': 116, '35': 105, '36': 287, '37': 299, '38': 157, '39': 103, '40': 121, '41': 234, '42': 200, '43': 170, '44': 291, '45': 461, '46': 122, '47': 247, '48': 83, '49': 128, '50': 240}|
13,5495.056987907934,4987.028754625115,505.7155695070766,0.634373851319618,1.6782899212806188,4,47,508.9072704535012,29368,581,16881,4770,0,6457,692,0,1,167,748; 35156,619,20654,5817,0,4786,3281,0,|{'0': 292, '1': 204, '2': 239, '3': 275, '4': 125, '5': 444, '6': 423, '7': 231, '8': 681, '9': 232, '10': 685, '11': 160, '12': 256, '14': 172, '15': 201, '16': 271, '17': 252, '18': 497, '19': 415, '20': 449, '21': 87, '22': 734, '24': 241, '25': 372, '26': 196, '27': 430, '28': 631, '29': 440, '30': 396, '31': 505, '32': 192, '33': 570, '34': 414, '35': 83, '36': 244, '37': 154, '38': 125, '40': 138, '41': 403, '42': 115, '43': 129, '44': 136, '45': 259, '47': 114, '48': 106, '49': 94, '50': 690}|
14,5476.655665165546,5094.318098307528,379.9627674638743,0.6991053339594191,1.6756940569830905,10,44,438.21303547636415,32871,395,21254,5609,0,4371,1252,0,1,167,562; 28100,252,17567,4353,0,5906,22,0,|{'0': 250, '1': 282, '2': 216, '3': 214, '4': 271, '5': 210, '6': 142, '7': 463, '8': 136, '9': 152, '10': 130, '11': 541, '12': 178, '13': 115, '15': 297, '16': 252, '17': 143, '18': 60, '19': 96, '20': 181, '21': 210, '22': 91, '23': 144, '24': 343, '25': 220, '26': 231, '27': 123, '28': 120, '29': 84, '30': 147, '31': 74, '32': 233, '33': 139, '34': 107, '35': 380, '36': 350, '37': 95, '38': 412, '39': 118, '40': 429, '41': 220, '42': 225, '43': 442, '44': 95, '45': 213, '46': 99, '47': 93, '48': 303, '49': 366, '50': 98}|
15,4778.494165397544,4396.115695392378,379.9627674638743,0.697461694379482,1.7182408462395673,4,40,395.0056225367279,32871,395,21984,5514,0,3658,1324,0,1,167,562; 28100,110,18233,4652,0,4972,133,0,|{'0': 193, '1': 183, '2': 176, '3': 172, '4': 135, '5': 242, '6': 142, '7': 299, '8': 152, '9': 124, '10': 193, '11': 347, '12': 117, '13': 170, '14': 304, '16': 496, '17': 124, '18': 105, '19': 142, '20': 255, '21': 124, '22': 153, '23': 81, '24': 488, '25': 361, '26': 184, '27': 191, '28': 162, '29': 99, '30': 246, '31': 105, '32': 433, '33': 156, '34': 155, '35': 214, '36': 280, '37': 62, '38': 209, '39': 65, '40': 391, '41': 296, '42': 115, '43': 202, '44': 65, '45': 170, '46': 72, '47': 67, '48': 334, '49': 171, '50': 145}|
16,5028.344913868054,4646.666325509851,379.2866771303087,0.6891889098595169,1.7027223161753904,11,44,679.1731611916289,32872,394,21263,5747,0,3945,1528,0,1,167,561; 28050,235,17655,4621,0,5418,121,0,|{'0': 218, '1': 196, '2': 171, '3': 210, '4': 149, '5': 276, '6': 169, '7': 284, '8': 197, '9': 120, '10': 242, '11': 283, '12': 138, '13': 198, '14': 260, '15': 492, '17': 134, '18': 136, '19': 177, '20': 342, '21': 104, '22': 171, '23': 65, '24': 495, '25': 445, '26': 169, '27': 250, '28': 200, '29': 112, '30': 327, '31': 121, '32': 427, '33': 211, '34': 189, '35': 189, '36': 263, '37': 77, '38': 179, '39': 70, '40': 305, '41': 348, '42': 105, '43': 178, '44': 104, '45': 203, '46': 64, '47': 56, '48': 238, '49': 159, '50': 179}|
17,5390.385133711731,4997.249104219155,390.78021280092395,0.6744709817994746,1.6813457068433781,13,47,578.5351208066865,32855,411,21077,5435,0,4768,1167,0,1,167,578; 28900,477,17895,4216,0,6311,1,0,|{'0': 354, '1': 319, '2': 419, '3': 404, '4': 167, '5': 308, '6': 435, '7': 193, '8': 267, '9': 517, '10': 197, '11': 127, '12': 544, '13': 198, '14': 138, '15': 127, '16': 126, '18': 137, '19': 104, '20': 147, '21': 139, '22': 187, '23': 117, '24': 155, '25': 156, '26': 333, '27': 125, '28': 297, '29': 312, '30': 136, '31': 179, '32': 105, '33': 310, '34': 106, '35': 106, '36': 240, '37': 336, '38': 128, '39': 109, '40': 104, '41': 247, '42': 188, '43': 131, '44': 291, '45': 406, '46': 117, '47': 286, '48': 82, '49': 92, '50': 257}|
18,5432.618211151362,4828.6347777356505,601.7203968734058,0.5791008009598284,1.683935738495275,0,46,0,26280,723,17842,2810,0,4834,72,0,1,167,890; 38270,335,26769,6359,0,1100,3726,0,|{'0': 183, '1': 146, '2': 180, '3': 209, '4': 103, '5': 299, '6': 261, '7': 156, '8': 476, '9': 143, '10': 466, '11': 119, '12': 202, '13': 555, '14': 119, '15': 186, '16': 202, '17': 196, '19': 595, '20': 384, '22': 593, '24': 221, '25': 264, '26': 138, '27': 486, '28': 397, '29': 326, '30': 372, '31': 666, '32': 153, '33': 330, '34': 563, '36': 181, '37': 119, '38': 103, '40': 112, '41': 293, '43': 84, '44': 92, '45': 178, '47': 100, '48': 111, '50': 439}|
19,5528.967699848907,5008.800882630669,517.8851955112575,0.6056535414597101,1.6759681624618674,1,47,574.8284927991638,28440,599,19296,3623,0,4616,306,0,1,167,766; 35236,491,24741,6264,0,2635,1187,0,|{'0': 172, '1': 133, '2': 145, '3': 154, '4': 91, '5': 241, '6': 208, '7': 168, '8': 350, '9': 108, '10': 442, '11': 143, '12': 148, '13': 407, '14': 122, '15': 192, '16': 231, '17': 143, '18': 498, '20': 404, '22': 393, '24': 190, '25': 261, '26': 138, '27': 635, '28': 308, '29': 204, '30': 424, '31': 338, '32': 208, '33': 291, '34': 752, '35': 78, '36': 180, '37': 70, '38': 83, '40': 107, '41': 290, '42': 83, '43': 95, '44': 83, '45': 149, '47': 81, '48': 104, '49': 97, '50': 353}|
20,6002.265353020837,5512.532820177218,487.4611305008053,0.6238119967196438,1.6475903416526911,4,47,513.9648516569061,30404,554,18408,5016,0,5443,984,0,1,167,721; 34608,517,21093,6551,0,5079,1368,0,|{'0': 267, '1': 204, '2': 241, '3': 233, '4': 126, '5': 390, '6': 264, '7': 249, '8': 384, '9': 199, '10': 546, '11': 215, '12': 208, '13': 417, '14': 186, '15': 333, '16': 474, '17': 193, '18': 306, '19': 402, '21': 101, '22': 388, '23': 71, '24': 416, '25': 586, '26': 158, '27': 547, '28': 359, '29': 211, '30': 673, '31': 237, '32': 317, '33': 389, '34': 432, '35': 134, '36': 296, '37': 113, '38': 156, '40': 234, '41': 497, '42': 118, '43': 149, '44': 91, '45': 233, '47': 106, '48': 174, '49': 135, '50': 357}|
21,5644.4830757893915,5026.9501910113095,615.2422035447202,0.619053629039665,1.6716276011213926,0,45,0,29199,743,19932,3908,0,3816,801,0,1,167,910; 41860,533,28813,5817,0,1770,4962,0,|{'0': 281, '1': 405, '2': 348, '3': 277, '4': 752, '5': 204, '6': 184, '7': 323, '8': 138, '9': 272, '10': 117, '11': 296, '12': 277, '13': 116, '14': 330, '15': 181, '16': 193, '17': 233, '20': 148, '22': 116, '23': 664, '24': 199, '25': 186, '26': 395, '27': 92, '28': 128, '29': 142, '30': 101, '32': 136, '33': 175, '35': 336, '36': 312, '37': 224, '38': 478, '39': 535, '40': 227, '41': 196, '42': 846, '43': 507, '44': 235, '45': 354, '46': 429, '47': 193, '48': 195, '49': 430, '50': 141}|
22,5722.726595552284,5197.832670398434,522.6178278462168,0.6114230436597266,1.664674260217651,2,47,110.2156998820343,29343,606,17416,4837,0,6023,462,0,1,167,773; 36331,680,22171,7077,0,4855,1548,0,|{'0': 268, '1': 213, '2': 240, '3': 276, '4': 118, '5': 407, '6': 400, '7': 196, '8': 675, '9': 222, '10': 623, '11': 147, '12': 248, '13': 756, '14': 140, '15': 196, '16': 244, '17': 260, '18': 500, '19': 418, '20': 404, '21': 94, '24': 235, '25': 327, '26': 206, '27': 433, '28': 586, '29': 461, '30': 372, '31': 596, '32': 167, '33': 524, '34': 396, '35': 109, '36': 233, '37': 155, '38': 113, '40': 160, '41': 381, '42': 127, '43': 104, '44': 159, '45': 239, '47': 127, '48': 124, '49': 89, '50': 692}|
23,5387.215041245087,4702.773280475895,682.1751465677265,0.5775745021198654,1.6890396965114396,1,45,161.90606888897705,26115,842,18753,2571,0,3335,615,0,1,167,1009; 42378,675,31466,5766,0,1240,3241,0,|{'0': 232, '1': 293, '2': 232, '3': 183, '4': 538, '5': 170, '6': 146, '7': 260, '8': 126, '9': 232, '10': 111, '11': 246, '12': 193, '14': 283, '15': 141, '16': 146, '17': 191, '20': 108, '21': 761, '24': 158, '25': 140, '26': 314, '28': 123, '29': 95, '32': 110, '33': 119, '35': 303, '36': 243, '37': 207, '38': 404, '39': 896, '40': 216, '41': 145, '42': 614, '43': 398, '44': 219, '45': 255, '46': 535, '47': 160, '48': 190, '49': 386, '50': 90}|
24,5278.556860996123,4893.496716797642,382.66712879813673,0.7048810909794646,1.6881343065911514,17,48,767.1868390380048,32867,399,20476,6222,0,4767,1027,0,3,167,566; 28300,307,16967,4523,0,6493,10,0,|{'0': 293, '1': 223, '2': 215, '3': 225, '4': 178, '5': 295, '6': 183, '7': 393, '8': 211, '9': 137, '10': 241, '11': 355, '12': 176, '13': 213, '14': 344, '15': 485, '16': 498, '17': 156, '18': 128, '19': 159, '20': 300, '21': 125, '22': 190, '23': 89, '25': 447, '26': 214, '27': 205, '28': 190, '29': 139, '30': 303, '31': 133, '32': 365, '33': 227, '34': 181, '35': 199, '36': 353, '37': 108, '38': 198, '39': 91, '40': 333, '41': 403, '42': 130, '43': 216, '44': 92, '45': 222, '46': 72, '47': 77, '48': 237, '49': 195, '50': 191}|
25,5595.066376817542,5203.974210232272,388.75194180022714,0.6709740622194775,1.6692507194159025,14,42,451.6447848490143,32858,408,19884,6520,0,4849,1201,0,2,167,575; 28750,338,16937,5143,0,6296,36,0,|{'0': 289, '1': 227, '2': 226, '3': 247, '4': 163, '5': 409, '6': 239, '7': 321, '8': 293, '9': 167, '10': 342, '11': 242, '12': 184, '13': 261, '14': 238, '15': 358, '16': 454, '17': 166, '18': 173, '19': 215, '20': 460, '21': 98, '22': 261, '23': 93, '24': 457, '26': 189, '27': 284, '28': 273, '29': 168, '30': 401, '31': 163, '32': 293, '33': 337, '34': 255, '35': 134, '36': 308, '37': 87, '38': 150, '39': 70, '40': 226, '41': 503, '42': 124, '43': 155, '44': 106, '45': 243, '46': 64, '47': 87, '48': 186, '49': 149, '50': 275}|
26,5199.654750591377,4826.115208623108,371.1735931275214,0.6739658956795062,1.69198294252539,37,47,344.4931883655119,32884,382,20127,5718,0,5396,1268,0,2,167,549; 27450,885,15951,4104,0,6503,7,0,|{'0': 446, '1': 523, '2': 495, '3': 442, '4': 314, '5': 296, '6': 279, '7': 324, '8': 169, '9': 408, '10': 140, '11': 202, '12': 385, '13': 154, '14': 235, '15': 142, '16': 170, '17': 335, '18': 94, '19': 95, '20': 148, '21': 245, '22': 139, '23': 158, '24': 211, '25': 180, '27': 117, '28': 208, '29': 165, '30': 120, '31': 95, '32': 95, '33': 231, '34': 89, '35': 169, '36': 372, '37': 250, '38': 230, '39': 141, '40': 154, '41': 233, '42': 310, '43': 229, '44': 230, '45': 511, '46': 153, '47': 196, '48': 123, '49': 190, '50': 159}|
27,5191.559074534727,4693.0007346427465,496.2503048371582,0.6120179168397057,1.6960171356227105,1,47,329.3639335883179,29382,567,18935,4410,0,4787,684,0,1,167,734; 34498,300,22937,6584,0,3774,911,0,|{'0': 155, '1': 160, '2': 148, '3': 188, '4': 92, '5': 310, '6': 198, '7': 207, '8': 336, '9': 141, '10': 498, '11': 162, '12': 155, '13': 404, '14': 133, '15': 245, '16': 328, '17': 152, '18': 401, '19': 613, '20': 550, '21': 74, '22': 407, '24': 274, '25': 384, '26': 153, '28': 311, '29': 203, '30': 605, '31': 274, '32': 257, '33': 315, '34': 665, '35': 104, '36': 201, '37': 93, '38': 105, '40': 161, '41': 336, '42': 86, '43': 99, '44': 90, '45': 170, '47': 69, '48': 117, '49': 108, '50': 324}|
28,5847.434077851125,5467.210638000332,377.9344964631775,0.6351778184396228,1.6537655651104153,24,45,249.79881186966833,32874,392,19408,6469,0,4997,1609,0,1,167,559; 27950,1443,16315,4011,0,6149,32,0,|{'0': 298, '1': 200, '2': 258, '3': 294, '4': 128, '5': 404, '6': 433, '7': 201, '8': 534, '9': 212, '10': 411, '11': 131, '12': 275, '13': 451, '14': 130, '15': 158, '16': 188, '17': 288, '18': 240, '19': 218, '20': 279, '21': 100, '22': 429, '23': 75, '24': 212, '25': 283, '26': 203, '27': 249, '29': 373, '30': 245, '31': 300, '32': 142, '33': 554, '34': 211, '35': 104, '36': 230, '37': 127, '38': 104, '39': 67, '40': 113, '41': 342, '42': 96, '43': 95, '44': 134, '45': 243, '46': 57, '47': 117, '48': 92, '49': 87, '50': 520}|
29,5255.31539917211,4821.646374777641,431.3456328148602,0.6331914863996252,1.6902000904749825,4,45,145.0299347834282,31605,471,21395,4465,0,3973,1302,0,3,167,638; 31262,406,21315,4799,0,4593,150,0,|{'0': 245, '1': 160, '2': 223, '3': 272, '4': 126, '5': 288, '6': 419, '7': 138, '8': 393, '9': 259, '10': 285, '11': 107, '12': 260, '13': 349, '14': 106, '15': 114, '16': 136, '17': 317, '18': 228, '19': 177, '20': 196, '21': 91, '22': 371, '23': 50, '24': 142, '25': 200, '26': 195, '27': 181, '28': 421, '30': 150, '31': 396, '32': 105, '33': 395, '34': 160, '35': 60, '36': 206, '37': 203, '38': 79, '40': 91, '41': 222, '42': 99, '43': 95, '44': 173, '45': 240, '46': 67, '47': 171, '48': 85, '49': 72, '50': 429}|
30,5837.906778973598,5342.092408093228,493.54594350289574,0.6115505596197,1.6568768138357002,1,46,512.1631936805038,29386,563,18318,4529,0,5248,729,0,1,167,730; 34310,398,21816,6056,0,4031,2009,0,|{'0': 226, '1': 186, '2': 217, '3': 207, '4': 121, '5': 349, '6': 258, '7': 245, '8': 356, '9': 147, '10': 489, '11': 194, '12': 164, '13': 371, '14': 175, '15': 304, '16': 439, '17': 166, '18': 293, '19': 423, '20': 689, '21': 85, '22': 371, '24': 378, '25': 527, '26': 153, '27': 595, '28': 320, '29': 185, '31': 218, '32': 353, '33': 313, '34': 481, '35': 131, '36': 262, '37': 94, '38': 123, '40': 198, '41': 454, '42': 107, '43': 150, '44': 79, '45': 194, '47': 78, '48': 181, '49': 118, '50': 327}|
31,5547.071241011171,4970.134550428447,574.676783530777,0.5832679802398156,1.6766390684260861,1,47,431.1140915491943,26948,683,18091,3188,0,4906,81,0,1,167,850; 37400,476,25821,6235,0,1561,3307,0,|{'0': 211, '1': 160, '2': 187, '3': 201, '4': 93, '5': 309, '6': 349, '7': 143, '8': 529, '9': 195, '10': 436, '11': 116, '12': 232, '13': 591, '14': 114, '15': 148, '16': 175, '17': 246, '18': 644, '19': 384, '20': 288, '22': 657, '24': 167, '25': 226, '26': 173, '27': 345, '28': 438, '29': 511, '30': 288, '32': 129, '33': 403, '34': 363, '36': 188, '37': 163, '38': 97, '40': 105, '41': 269, '42': 96, '43': 97, '44': 150, '45': 198, '47': 148, '48': 80, '50': 537}|
32,5341.445533833893,4892.910755186438,446.2196201533035,0.6291828516596418,1.6859756397219285,2,45,401.8467246268311,29840,493,21121,4064,0,3672,493,0,3,167,660; 31020,150,21843,3290,0,2159,3589,0,|{'0': 172, '1': 164, '2': 159, '3': 152, '4': 132, '5': 217, '6': 130, '7': 248, '8': 186, '9': 96, '10': 210, '11': 281, '12': 123, '13': 154, '14': 246, '15': 538, '16': 499, '17': 102, '18': 99, '19': 175, '20': 292, '21': 77, '22': 160, '23': 86, '24': 409, '25': 339, '26': 123, '27': 223, '28': 153, '29': 116, '30': 282, '31': 96, '33': 181, '34': 185, '35': 197, '36': 245, '37': 60, '38': 174, '40': 326, '41': 260, '42': 104, '43': 157, '44': 61, '45': 139, '48': 327, '49': 159, '50': 163}|
33,5929.3683797268495,5529.532275517199,397.54111613658,0.6456248785795937,1.6493631900816144,5,44,321.46826604022675,32845,421,19080,6492,0,5333,1520,0,1,167,588; 29400,542,16808,5400,0,6601,49,0,|{'0': 338, '1': 230, '2': 271, '3': 342, '4': 134, '5': 476, '6': 487, '7': 214, '8': 548, '9': 277, '10': 414, '11': 151, '12': 312, '13': 448, '14': 153, '15': 184, '16': 226, '17': 322, '18': 236, '19': 238, '20': 312, '21': 115, '22': 410, '23': 76, '24': 232, '25': 298, '26': 229, '27': 266, '28': 579, '29': 334, '30': 244, '31': 305, '32': 155, '34': 216, '35': 117, '36': 286, '37': 164, '38': 120, '39': 75, '40': 125, '41': 388, '42': 97, '43': 104, '44': 149, '45': 273, '46': 71, '47': 147, '48': 90, '49': 118, '50': 496}|
34,5677.435620220767,5122.114380762746,553.0418928566739,0.6111502253997273,1.668196372258061,1,48,430.4520428541336,28388,651,18982,3735,0,4772,250,0,1,167,818; 37628,534,25902,4886,0,2996,3310,0,|{'0': 163, '1': 128, '2': 161, '3': 191, '4': 104, '5': 266, '6': 222, '7': 165, '8': 328, '9': 148, '10': 518, '11': 144, '12': 168, '13': 458, '14': 124, '15': 224, '16': 307, '17': 155, '18': 517, '19': 803, '20': 479, '22': 427, '24': 229, '25': 330, '26': 126, '27': 745, '28': 328, '29': 240, '30': 543, '31': 379, '32': 256, '33': 313, '35': 87, '36': 190, '37': 86, '38': 96, '40': 143, '41': 325, '42': 84, '43': 116, '44': 95, '45': 164, '47': 84, '48': 121, '49': 91, '50': 355}|
35,5549.693829244815,5059.250648595951,488.1372208343709,0.6313077104396486,1.674652100509542,1,44,42.136586636291504,30971,555,21969,3977,0,3582,888,0,1,167,722; 34656,231,24206,4980,0,2681,2561,0,|{'0': 193, '1': 236, '2': 200, '3': 166, '4': 316, '5': 161, '6': 122, '7': 344, '8': 112, '9': 140, '10': 106, '11': 492, '12': 150, '13': 97, '14': 496, '15': 267, '16': 216, '17': 120, '19': 78, '20': 130, '21': 264, '22': 92, '23': 252, '24': 252, '25': 183, '26': 201, '27': 103, '28': 110, '29': 78, '30': 158, '32': 209, '33': 126, '34': 78, '36': 260, '37': 85, '38': 557, '39': 191, '40': 439, '41': 180, '42': 283, '43': 552, '44': 101, '45': 196, '46': 115, '47': 79, '48': 378, '49': 672, '50': 114}|
36,5139.026385895211,4731.689336290015,404.97810980580164,0.6615385444795588,1.6974012529025615,6,48,172.42865238844809,32834,432,19217,6160,0,5630,1396,0,2,167,599; 29950,587,16786,5398,0,7122,57,0,|{'0': 508, '1': 458, '2': 441, '3': 441, '4': 273, '5': 385, '6': 287, '7': 528, '8': 239, '9': 248, '10': 209, '11': 375, '12': 284, '13': 206, '14': 349, '15': 285, '16': 284, '17': 290, '18': 118, '19': 128, '20': 222, '21': 221, '22': 174, '23': 147, '24': 378, '25': 352, '26': 379, '27': 154, '28': 260, '29': 177, '30': 209, '31': 137, '32': 192, '33': 271, '34': 138, '35': 221, '37': 167, '38': 290, '39': 123, '40': 268, '41': 383, '42': 254, '43': 277, '44': 148, '45': 418, '46': 99, '47': 128, '48': 186, '49': 250, '50': 205}|
37,5265.343822636377,4925.599363763562,337.3690764492413,0.6879889565995195,1.6873934641249528,26,41,570.0608456907729,32934,332,24324,4487,0,2747,1046,0,1,167,499; 24950,850,18042,2296,0,3757,5,0,|{'0': 198, '1': 206, '2': 195, '3': 213, '4': 137, '5': 120, '6': 181, '7': 104, '8': 135, '9': 307, '10': 95, '11': 96, '12': 271, '13': 94, '14': 103, '15': 65, '16': 76, '17': 294, '18': 65, '19': 57, '20': 80, '21': 131, '22': 102, '23': 99, '24': 97, '25': 90, '26': 220, '27': 46, '28': 135, '29': 175, '30': 62, '31': 87, '32': 47, '33': 139, '34': 60, '35': 64, '36': 136, '38': 94, '39': 69, '40': 66, '41': 120, '42': 140, '43': 106, '44': 490, '45': 200, '46': 129, '47': 465, '48': 53, '49': 85, '50': 109}|
38,5138.832277071254,4768.031352809583,368.46923179325904,0.63524488499965,1.6964475807819195,23,48,220.68731898443818,32888,378,22012,5344,0,3775,1380,0,3,167,545; 27250,936,17837,3658,0,4805,14,0,|{'0': 206, '1': 262, '2': 186, '3': 201, '4': 353, '5': 154, '6': 125, '7': 327, '8': 111, '9': 139, '10': 84, '11': 370, '12': 144, '13': 81, '14': 405, '15': 209, '16': 173, '17': 109, '18': 47, '19': 51, '20': 116, '21': 290, '22': 76, '23': 218, '24': 195, '25': 164, '26': 242, '27': 89, '28': 106, '29': 78, '30': 117, '31': 66, '32': 146, '33': 110, '34': 71, '35': 424, '36': 257, '37': 104, '39': 180, '40': 303, '41': 161, '42': 283, '43': 545, '44': 101, '45': 206, '46': 133, '47': 94, '48': 215, '49': 490, '50': 96}|
39,4378.752874050396,3571.901003721402,804.5474969431219,0.5518674037799997,1.7525059793355977,0,57,0,21793,1023,15786,1683,0,3254,47,0,1,167,1190; 42840,532,32409,4148,0,653,5099,0,|{'0': 239, '1': 264, '2': 242, '3': 204, '4': 488, '5': 173, '6': 154, '7': 256, '9': 229, '11': 240, '12': 206, '14': 256, '15': 150, '16': 146, '17': 184, '21': 707, '23': 1051, '24': 166, '25': 152, '26': 311, '28': 114, '33': 137, '35': 313, '36': 215, '37': 223, '38': 377, '40': 208, '41': 154, '42': 568, '43': 378, '44': 243, '45': 246, '46': 714, '47': 202, '48': 163, '49': 358}|
40,4923.455281257225,4549.865864419567,371.1735931275214,0.7071307333194464,1.708692975625023,2,44,246.76890482720947,32884,382,22716,5189,0,3381,1220,0,1,167,549; 27450,107,18545,4333,0,4329,136,0,|{'0': 185, '1': 182, '2': 167, '3': 134, '4': 182, '5': 171, '6': 104, '7': 317, '8': 107, '9': 111, '10': 136, '11': 482, '12': 110, '13': 100, '14': 404, '15': 366, '16': 290, '17': 105, '18': 58, '19': 97, '20': 169, '21': 145, '22': 100, '23': 123, '24': 301, '25': 220, '26': 144, '27': 122, '28': 118, '29': 83, '30': 153, '31': 55, '32': 279, '33': 98, '34': 95, '35': 355, '36': 262, '37': 64, '38': 270, '39': 93, '41': 205, '42': 143, '43': 302, '44': 69, '45': 151, '46': 68, '47': 69, '48': 437, '49': 300, '50': 104}|
41,5396.227323013509,5016.6314625387795,377.2584061296119,0.6566156427595363,1.6808386994781568,17,47,281.55833113840214,32875,391,19054,6465,0,5151,1815,0,1,167,558; 27900,666,15669,5025,0,6463,77,0,|{'0': 333, '1': 277, '2': 285, '3': 305, '4': 191, '5': 512, '6': 293, '7': 297, '8': 331, '9': 221, '10': 361, '11': 212, '12': 262, '13': 311, '14': 202, '15': 303, '16': 324, '17': 218, '18': 174, '19': 180, '20': 409, '21': 109, '22': 279, '23': 102, '24': 384, '25': 487, '26': 218, '27': 251, '28': 353, '29': 210, '30': 328, '31': 191, '32': 235, '33': 362, '34': 215, '35': 128, '36': 351, '37': 119, '38': 166, '39': 63, '40': 203, '42': 135, '43': 161, '44': 123, '45': 262, '46': 74, '47': 87, '48': 158, '49': 145, '50': 331}|
42,5463.576395674795,5036.635445540948,424.58472947920416,0.6782262814794183,1.6779943701266367,9,45,677.9645130881942,31915,461,21506,4732,0,3492,1731,0,1,167,628; 30772,676,20883,4223,0,4193,797,0,|{'0': 238, '1': 336, '2': 299, '3': 241, '4': 551, '5': 173, '6': 152, '7': 256, '8': 98, '9': 214, '10': 104, '11': 229, '12': 237, '13': 98, '14': 252, '15': 127, '16': 125, '17': 196, '19': 51, '20': 103, '21': 562, '22': 86, '23': 393, '24': 153, '25': 123, '26': 348, '27': 72, '28': 123, '29': 106, '30': 76, '31': 70, '32': 114, '33': 142, '34': 63, '35': 218, '36': 251, '37': 201, '38': 336, '39': 299, '40': 129, '41': 151, '43': 352, '44': 209, '45': 277, '46': 273, '47': 165, '48': 133, '49': 263, '50': 121}|
43,5252.761365261406,4873.811875600035,376.58231579604626,0.6774279256794786,1.6897459370442596,6,45,616.1108104358692,32876,390,21816,5279,0,3789,1604,0,1,167,557; 27850,213,18057,4317,0,5254,9,0,|{'0': 227, '1': 270, '2': 219, '3': 205, '4': 399, '5': 162, '6': 130, '7': 344, '8': 105, '9': 152, '10': 108, '11': 386, '12': 159, '13': 97, '14': 430, '15': 202, '16': 180, '17': 132, '18': 57, '19': 69, '20': 96, '21': 320, '22': 71, '23': 243, '24': 224, '25': 172, '26': 251, '27': 85, '28': 104, '29': 79, '30': 118, '31': 71, '32': 150, '33': 130, '34': 76, '35': 411, '36': 279, '37': 99, '38': 557, '39': 158, '40': 274, '41': 170, '42': 303, '44': 105, '45': 214, '46': 124, '47': 88, '48': 219, '49': 473, '50': 96}|
44,4812.339408615013,4426.586585231665,383.3432191317023,0.6936018011994866,1.7160024494113737,0,45,0,32866,400,24485,4187,0,2705,1089,0,3,167,567; 28350,14,20802,3497,0,4015,22,0,|{'0': 181, '1': 221, '2': 229, '3': 193, '4': 174, '5': 148, '6': 201, '7': 125, '8': 120, '9': 330, '10': 97, '11': 78, '12': 271, '13': 103, '14': 100, '15': 66, '16': 82, '17': 288, '18': 72, '19': 64, '20': 91, '21': 156, '22': 112, '23': 115, '24': 93, '25': 96, '26': 246, '27': 63, '28': 141, '29': 174, '30': 69, '31': 97, '32': 63, '33': 150, '34': 69, '35': 84, '36': 147, '37': 558, '38': 123, '39': 102, '40': 88, '41': 121, '42': 161, '43': 105, '45': 232, '46': 162, '47': 526, '48': 67, '49': 79, '50': 115}|
45,5020.136786319205,4612.141262205123,405.6542001393673,0.6371148068996126,1.7042091660566736,1,50,34.979785171157836,32833,433,19441,5888,0,5766,1307,0,2,167,600; 30000,187,16801,5992,0,6974,46,0,|{'0': 576, '1': 545, '2': 600, '3': 563, '4': 309, '5': 367, '6': 355, '7': 338, '8': 242, '9': 466, '10': 190, '11': 221, '12': 507, '13': 204, '14': 252, '15': 173, '16': 179, '17': 420, '18': 94, '19': 90, '20': 169, '21': 192, '22': 171, '23': 123, '24': 248, '25': 230, '26': 559, '27': 131, '28': 264, '29': 207, '30': 171, '31': 142, '32': 136, '33': 315, '34': 113, '35': 153, '36': 436, '37': 239, '38': 226, '39': 144, '40': 177, '41': 317, '42': 283, '43': 240, '44': 269, '46': 126, '47': 210, '48': 125, '49': 169, '50': 223}|
46,4828.1129249292,4069.956577203869,755.86899292639,0.5627271493799295,1.7246276475906945,0,49,0,23140,951,17708,1600,0,2737,144,0,1,167,1118; 42484,351,33249,4568,0,683,3652,0,|{'0': 218, '1': 259, '2': 225, '3': 222, '4': 398, '5': 149, '6': 125, '7': 193, '8': 112, '9': 276, '11': 190, '12': 224, '14': 183, '15': 125, '16': 123, '17': 205, '21': 521, '23': 557, '24': 133, '25': 131, '26': 311, '28': 126, '29': 131, '33': 145, '35': 217, '36': 212, '37': 286, '38': 230, '39': 700, '40': 148, '41': 128, '42': 507, '43': 269, '44': 331, '45': 259, '47': 294, '48': 137, '49': 235}|
47,5335.525158638305,4910.652197277839,422.55645847850735,0.6307546330796178,1.6857482460892899,1,46,539.3771613264007,31597,458,24328,3441,0,2657,725,0,1,167,625; 30000,262,22688,4398,0,824,1828,0,|{'0': 193, '1': 206, '2': 222, '3': 207, '4': 139, '5': 144, '6': 181, '7': 114, '8': 124, '9': 319, '10': 97, '11': 80, '12': 274, '13': 111, '14': 89, '15': 77, '16': 65, '17': 316, '18': 74, '19': 68, '20': 96, '21': 138, '22': 108, '23': 109, '24': 88, '25': 107, '26': 227, '27': 64, '28': 122, '29': 173, '30': 90, '31': 96, '33': 154, '34': 68, '35': 85, '36': 130, '37': 586, '38': 101, '39': 114, '40': 59, '41': 105, '42': 159, '43': 101, '44': 587, '45': 196, '46': 164, '49': 70, '50': 115}|
48,5125.6147727989855,4750.7185603026755,372.52577379465265,0.6730663262395253,1.6973723731441006,5,38,761.0801864239639,32257,384,24099,4406,0,2665,706,0,4,167,551; 26999,168,19907,3729,0,2200,995,0,|{'0': 148, '1': 125, '2': 114, '3': 109, '4': 137, '5': 127, '6': 80, '7': 216, '8': 96, '9': 75, '10': 118, '11': 332, '12': 80, '13': 80, '14': 289, '15': 310, '16': 236, '17': 83, '18': 64, '19': 79, '20': 143, '21': 109, '22': 67, '23': 82, '24': 245, '25': 175, '26': 132, '27': 98, '28': 97, '29': 69, '30': 147, '31': 64, '32': 278, '33': 91, '34': 96, '35': 284, '36': 164, '37': 53, '38': 223, '39': 70, '40': 459, '41': 151, '42': 122, '43': 207, '44': 61, '45': 98, '46': 68, '49': 255, '50': 86}|
49,5400.99057824729,4934.887426928417,463.7979688260092,0.6224662520997005,1.6827162373732776,6,46,469.7954767542102,31007,519,21528,4116,0,3801,1048,0,1,167,686; 32928,403,22574,4825,0,2420,2729,0,|{'0': 215, '1': 240, '2': 202, '3': 204, '4': 378, '5': 167, '6': 129, '7': 318, '8': 119, '9': 137, '10': 92, '11': 411, '12': 153, '13': 91, '14': 449, '15': 247, '16': 174, '17': 120, '19': 83, '20': 121, '21': 304, '22': 91, '23': 266, '24': 237, '25': 171, '26': 221, '27': 94, '28': 110, '29': 79, '30': 131, '32': 173, '33': 134, '34': 74, '35': 642, '36': 264, '37': 98, '38': 625, '39': 238, '40': 364, '41': 190, '42': 283, '43': 586, '44': 100, '45': 188, '46': 146, '47': 97, '48': 300, '50': 98}|
50,5831.129749624107,5319.0643366904615,509.7721115084703,0.6347311066796026,1.65857031465441,0,46,0,30371,587,17876,5062,0,6064,783,0,2,167,754; 36192,195,21280,7129,0,5771,1817,0,|{'0': 318, '1': 232, '2': 284, '3': 320, '4': 142, '5': 447, '6': 512, '7': 208, '8': 750, '9': 263, '10': 573, '11': 164, '12': 310, '13': 719, '14': 158, '15': 233, '16': 268, '17': 344, '18': 405, '19': 337, '20': 373, '21': 106, '22': 681, '23': 84, '24': 240, '25': 341, '26': 226, '27': 357, '28': 702, '29': 505, '30': 333, '31': 493, '32': 179, '33': 665, '34': 316, '35': 108, '36': 258, '37': 197, '38': 136, '40': 143, '41': 414, '42': 128, '43': 128, '44': 168, '45': 280, '47': 151, '48': 106, '49': 107}|
